Start,End,Label,Start Sample,End Sample,mean,std,rms,mav,iEMG,wl,zcr,spec_entropy,median_freq,skew,kurtosis,file
0.037708,0.047617,PSW,415.7337398373984,524.9776422764228,-0.0066335523,0.0033054068,0.0074114595,0.0066577033,0.72568965,0.11847192,4,2.5627232,1011.467889908257,-0.01952496584821432,-0.6119556889183739,.\Spontanaktivität\filtered_RN181281_segment_3.wav
0.047617,0.060002,PSW,524.9776422764228,661.5325203252032,-0.0022864726,0.004317409,0.0048854863,0.0041600093,0.56992126,0.14830649,8,2.53826,482.8467153284672,0.6698683553807806,-0.0270996454744159,.\Spontanaktivität\filtered_RN181281_segment_3.wav
0.167622,0.180284,PSW,1848.0426829268288,1987.6321138211383,-0.036953267,0.0035503504,0.037123427,0.036953267,5.136504,0.14006963,0,2.0058634,317.2661870503597,0.21120812475093798,-0.6644112363732315,.\Spontanaktivität\filtered_RN181281_segment_3.wav
0.200101,0.214964,PSW,2206.119918699187,2369.985772357724,-0.030655462,0.003637556,0.030870523,0.030655462,4.9968405,0.16823101,0,2.7864542,811.6564417177913,0.2616662367799265,-0.369845739803075,.\Spontanaktivität\filtered_RN181281_segment_3.wav
0.361944,0.372403,PSW,3990.436991869919,4105.75,0.01833191,0.011117066,0.021439405,0.01833191,2.1081696,0.1391717,0,1.2791045,191.7391304347826,0.5897874572625749,-1.062481895178496,.\Spontanaktivität\filtered_RN181281_segment_3.wav
0.372403,0.385615,PSW,4105.75,4251.408536585366,0.024281247,0.011000527,0.026656905,0.025466759,3.7181468,0.20181209,3,1.3478597,151.02739726027397,-2.2172835233285517,6.616354545891582,.\Spontanaktivität\filtered_RN181281_segment_3.wav
0.574431,0.598102,PSW,6333.111788617886,6594.083333333334,-0.02490514,0.0036234923,0.025167352,0.02490514,6.5002413,0.3094821,0,3.1192715,344.53125,-0.19299961151461448,-0.3473212486539565,.\Spontanaktivität\filtered_RN181281_segment_3.wav
0.66939,0.688107,PSW,7380.032520325203,7586.382113821139,0.006909558,0.0029552893,0.007515033,0.006909558,1.4233689,0.20927212,0,2.7045786,428.15533980582524,0.2289980560451466,-0.14921595916243824,.\Spontanaktivität\filtered_RN181281_segment_3.wav
0.264783,0.278821,Fibrillation,2919.2398373983738,3074.002032520325,-0.021824837,0.0035908695,0.022118269,0.021824837,3.3828497,0.1718015,0,2.2256966,284.51612903225805,0.47512961201866594,0.8272969151154053,.\Spontanaktivität\filtered_RN181281_segment_3.wav
0.655628,0.671042,Fibrillation,7228.304878048781,7398.239837398374,-0.0003808125,0.004876884,0.0048917294,0.004098672,0.69677424,0.18206587,13,2.5568295,259.4117647058824,0.13219831970797596,-0.7699334669231517,.\Spontanaktivität\filtered_RN181281_segment_3.wav
0.538375,0.556541,Fibrillation,5935.585365853658,6135.865853658536,-0.032784693,0.049712427,0.059549656,0.055602156,11.120431,0.5861987,2,1.4384822,220.5,2.0079241988565633,3.042142762800192,.\Spontanaktivität\filtered_RN181281_segment_3.wav
0.413139,0.428553,Fibrillation,4554.863821138211,4724.798780487805,0.04796519,0.07506693,0.08908257,0.08300846,14.111438,0.56511635,2,0.7849836,129.7058823529412,-1.3044618094207583,0.4233024209213374,.\Spontanaktivität\filtered_RN181281_segment_3.wav
0.115051,0.126611,Fibrillation,1268.4430894308944,1395.8943089430895,0.04293879,0.0033329816,0.04306795,0.04293879,5.4532266,0.14235985,0,2.559988,2083.464566929134,1.2457968504434342,4.305452325092791,.\Spontanaktivität\filtered_RN181281_segment_3.wav
0.189367,0.201202,PSW,2087.772357723577,2218.258130081301,-0.034483064,0.0032975986,0.03464038,0.034483064,4.5172815,0.11849949,0,2.4020877,504.96183206106866,0.2185231788375654,-0.5274642586856215,.\Spontanaktivität\filtered_RN181281_segment_3.wav
0.121106,0.130189,PSW,1335.2032520325204,1435.3434959349593,0.044221714,0.0034811753,0.044358525,0.044221714,4.4221716,0.12215015,0,1.9462267,441.0,-0.3321417886012815,-0.12573026108337393,.\Spontanaktivität\filtered_RN181281_segment_3.wav
0.54966,0.560119,PSW,6060.002032520325,6175.315040650406,-0.044139475,0.0035352763,0.04428082,0.044139475,5.07604,0.10440852,0,2.1527095,575.2173913043478,0.17217186966041054,-0.2016905409133094,.\Spontanaktivität\filtered_RN181281_segment_3.wav
0.660307,0.672418,PSW,7279.892276422765,7413.412601626016,0.001685432,0.0053720805,0.005630269,0.004626895,0.6200039,0.15381655,11,2.3370647,493.65671641791045,0.0050827215693643015,-0.823439485976337,.\Spontanaktivität\filtered_RN181281_segment_3.wav
0.421396,0.434883,PSW,4645.900406504065,4794.59349593496,0.10001676,0.0058310395,0.100186594,0.10001676,14.902497,0.15633029,0,1.5424738,147.98657718120805,0.1041485123530224,-1.220224618642391,.\Spontanaktivität\filtered_RN181281_segment_3.wav
0.862589,0.872869,Fibrillation,9510.054200542005,9623.38482384824,0.0034468458,0.0031108842,0.004643097,0.0037202435,0.4203875,0.15804654,12,2.57013,1951.3274336283187,0.4247819646473746,-0.46123188749368804,.\Spontanaktivität\filtered_RN181281_segment_3.wav
1.299735,1.308121,Fibrillation,14329.588075880758,14422.042005420057,-0.0115592275,0.0028570807,0.011907084,0.0115592275,1.0750082,0.10906331,0,2.8333893,1896.7741935483873,0.914348290714277,0.11666088451824796,.\Spontanaktivität\filtered_RN181281_segment_3.wav
1.141486,1.153659,Fibrillation,12584.89295392954,12719.10027100271,-0.0035516182,0.0037768227,0.0051844367,0.0043371487,0.5855151,0.14086846,8,2.4768946,326.66666666666663,0.3085472546863741,-0.03735092211894697,.\Spontanaktivität\filtered_RN181281_segment_3.wav
1.005419,1.015699,Fibrillation,11084.753387533874,11198.084010840108,-0.004456485,0.0045718197,0.0063844966,0.0052416795,0.59755147,0.12562689,9,1.6910084,193.42105263157893,0.07815986866500507,-0.7952477338534281,.\Spontanaktivität\filtered_RN181281_segment_3.wav
0.950776,0.960514,PSW,10482.31165311653,10589.677506775068,-0.0036189882,0.003328433,0.0049168626,0.0041645416,0.44560596,0.10368524,6,2.2110896,206.0747663551402,0.17367021976661262,-0.5999658956378662,.\Spontanaktivität\filtered_RN181281_segment_3.wav
1.304605,1.314613,PSW,14383.271002710027,14493.619241192411,-0.013075303,0.0021986288,0.013258866,0.013075303,1.4382833,0.11086817,0,2.7775846,1202.7272727272727,-0.30272411627054996,-0.32556355446961627,.\Spontanaktivität\filtered_RN181281_segment_3.wav
1.217229,1.232108,PSW,13419.960704607043,13583.9918699187,0.013322653,0.0068270634,0.014970032,0.013436748,2.2036266,0.16718389,3,1.7019365,134.45121951219514,-0.609794142059012,-0.7317149398299674,.\Spontanaktivität\filtered_RN181281_segment_3.wav
1.104967,1.122821,PSW,12182.271002710027,12379.108401084011,-0.02584873,0.0077545587,0.026986849,0.02584873,5.0922,0.23102696,0,1.969943,111.92893401015228,-0.3440837343989578,-0.971283898527552,.\Spontanaktivität\filtered_RN181281_segment_3.wav
1.013535,1.02192,PSW,11174.224932249324,11266.678861788618,-0.0020802908,0.0027407869,0.0034408607,0.002995521,0.27558795,0.11354193,10,2.7503216,1438.0434782608693,0.6853628382256647,-0.06484419293528054,.\Spontanaktivität\filtered_RN181281_segment_3.wav
1.429208,1.440901,Fibrillation,15757.024390243903,15885.934959349594,0.006970833,0.007810359,0.010468726,0.009456754,1.2104645,0.1455762,2,1.6834137,344.53125,-0.8733551377326241,0.025549564456138985,.\Spontanaktivität\filtered_RN181281_segment_3.wav
1.899834,1.911527,Fibrillation,20945.674796747968,21074.585365853654,-0.039570596,0.054961722,0.067724615,0.040003076,5.160397,0.32296103,8,1.0711999,170.93023255813952,-1.1554204722364179,-0.28156376358020063,.\Spontanaktivität\filtered_RN181281_segment_3.wav
1.716772,1.727369,Fibrillation,18927.418699186997,19044.243902439022,-0.009549172,0.007052479,0.011871148,0.010305366,1.2057278,0.11770785,2,1.2714641,188.46153846153845,0.5341554674165964,-0.8758852207532315,.\Spontanaktivität\filtered_RN181281_segment_3.wav
1.568057,1.581577,Fibrillation,17287.837398373984,17436.89024390244,-0.0037691349,0.0032919785,0.0050043482,0.0040589403,0.6047821,0.16874155,15,2.8759687,1035.9060402684563,-0.15204331961741469,-0.9325879602478038,.\Spontanaktivität\filtered_RN181281_segment_3.wav
1.437247,1.449305,PSW,15845.650406504064,15978.58943089431,0.009134884,0.003126087,0.009654975,0.009134884,1.2149396,0.1286039,0,2.865721,994.7368421052631,-0.7229702323949834,0.25312938240912164,.\Spontanaktivität\filtered_RN181281_segment_3.wav
1.455151,1.469036,PSW,16043.044715447157,16196.126016260165,0.0006266181,0.0023651272,0.0024467278,0.0020016965,0.30625957,0.16057147,20,2.9851243,2017.6470588235295,0.14862519791368436,-0.6898114514624205,.\Spontanaktivität\filtered_RN181281_segment_3.wav
1.47744,1.488767,PSW,16288.780487804876,16413.662601626016,-0.0054873456,0.0029026042,0.0062077437,0.0058347112,0.7293389,0.109051816,3,2.6584888,352.8,1.4573589880106093,2.2115695856763544,.\Spontanaktivität\filtered_RN181281_segment_3.wav
1.957201,1.969259,PSW,21578.142276422765,21711.081300813006,0.022894979,0.0035171555,0.023163557,0.022894979,3.0450323,0.14196011,0,2.6496134,994.7368421052631,-0.24263999614912676,-0.8564811648705488,.\Spontanaktivität\filtered_RN181281_segment_3.wav
1.970355,1.990817,PSW,21723.166666666668,21948.760162601626,0.018142298,0.0034901872,0.018474966,0.018142298,4.082017,0.21571551,0,2.3489618,195.99999999999997,-0.16077495343207887,-0.31965715283910034,.\Spontanaktivität\filtered_RN181281_segment_3.wav
1.794235,1.807024,PSW,19781.451219512197,19922.447154471545,-0.0014233057,0.0033998818,0.003685783,0.0028990454,0.4087654,0.13819975,18,2.0152667,312.7659574468085,0.07333504323117666,-0.245867992158741,.\Spontanaktivität\filtered_RN181281_segment_3.wav
1.760254,1.775966,PSW,19406.80487804878,19580.028455284555,-0.012141009,0.0043562045,0.0128988605,0.012141009,2.1125355,0.16210891,0,2.23634,126.72413793103448,0.3495276252653408,-0.8591454239880703,.\Spontanaktivität\filtered_RN181281_segment_3.wav
1.727003,1.747465,PSW,19040.21544715447,19265.808943089432,-0.025308983,0.045954812,0.05246322,0.045788057,10.302313,0.66229033,2,1.8179159,293.99999999999994,1.9247357006333616,3.7522804875286537,.\Spontanaktivität\filtered_RN181281_segment_3.wav
1.577558,1.587423,PSW,17392.577235772358,17501.345528455284,-0.0026684355,0.0043197214,0.0050774543,0.0039605154,0.43169618,0.15956886,14,2.556018,404.5871559633028,-0.2857992334991971,-0.2141598513692604,.\Spontanaktivität\filtered_RN181281_segment_3.wav
1.454298,1.460875,Fibrillation,16033.644986449865,16106.157181571816,0.0005268811,0.0021593682,0.002222718,0.0018858577,0.13766761,0.059755906,9,2.155089,1208.2191780821918,0.2770117049828754,-0.9486010013509154,.\Spontanaktivität\filtered_RN181281_segment_3.wav
2.273015,2.282411,PSW,25059.9972899729,25163.58807588076,0.02227974,0.0033960852,0.022537086,0.02227974,2.317093,0.11927078,0,1.7328075,212.01923076923075,0.06528641124128794,-0.23983312699394244,.\Spontanaktivität\filtered_RN181281_segment_3.wav
2.043881,2.057334,Fibrillation,22533.794715447155,22682.11788617886,-0.006619711,0.0037248908,0.0075957477,0.006670211,0.99386144,0.1685608,6,2.595961,887.9194630872482,-0.20280426758040013,-0.35785405605346776,.\Spontanaktivität\filtered_RN181281_segment_3.wav
2.364412,2.381283,Fibrillation,26067.653116531164,26253.64566395664,0.007787129,0.0026862465,0.008237433,0.0077903974,1.449014,0.17287311,2,2.9434829,1422.5806451612905,-0.4140243584213785,-0.11518624614183182,.\Spontanaktivität\filtered_RN181281_segment_3.wav
2.190373,2.207457,Fibrillation,24148.869241192413,24337.216124661245,-0.009126232,0.0045335228,0.010190237,0.009139734,1.7274098,0.20871072,2,2.3513489,233.33333333333331,0.20614620246076443,-0.5329975067482855,.\Spontanaktivität\filtered_RN181281_segment_3.wav
2.211087,2.223686,PSW,24377.23983739837,24516.14566395664,-0.017419592,0.0045958543,0.018015662,0.017419592,2.4213233,0.16681935,0,2.6358027,634.5323741007194,-1.1871820366948231,1.107756665807079,.\Spontanaktivität\filtered_RN181281_segment_3.wav
2.110721,2.12631,PSW,23270.70189701897,23442.568428184284,-0.003515347,0.0037302896,0.0051256926,0.0045545055,0.7833749,0.17690006,12,2.8219004,512.7906976744185,1.0942302601211664,1.0279562808868006,.\Spontanaktivität\filtered_RN181281_segment_3.wav
2.200623,2.210446,PSW,24261.877371273717,24370.176829268294,-0.012985946,0.002670353,0.013257661,0.012985946,1.4154681,0.1073143,0,2.424779,606.8807339449542,-0.472347330023053,-0.176173821169332,.\Spontanaktivität\filtered_RN181281_segment_3.wav
1.906144,1.915754,PSW,21015.247967479678,21121.193089430893,-0.062808014,0.04892127,0.07961242,0.062808014,6.6576495,0.33010596,0,1.1812077,208.01886792452828,-0.7616026706961828,-0.7915278448956542,.\Spontanaktivität\filtered_RN181281_segment_3.wav
2.374663,2.381283,PSW,26180.661246612464,26253.64566395664,0.008497436,0.002747596,0.008930605,0.008505763,0.62092066,0.0646702,2,2.1240292,604.1095890410959,-1.2308558988211253,1.7397872016248899,.\Spontanaktivität\filtered_RN181281_segment_3.wav
2.447912,2.463808,PSW,26988.236449864497,27163.49051490515,-0.023783455,0.03901849,0.045695677,0.03034305,5.310034,0.29805046,5,0.86247957,126.0,-1.2917944158038857,0.9692224455904332,.\Spontanaktivität\filtered_RN181281_segment_3.wav
2.680207,2.695255,PSW,29549.282520325203,29715.18970189702,0.017225768,0.00539436,0.018050656,0.017225768,2.8594775,0.2085559,0,2.25282,265.66265060240966,0.8884613179384355,0.7298074266778474,.\Spontanaktivität\filtered_RN181281_segment_3.wav
2.645023,2.668337,PSW,29161.386856368565,29418.42615176152,0.030784128,0.004361681,0.031091586,0.030784128,7.911521,0.28263474,0,2.1196673,86.1328125,-0.21343632043939814,-0.8856545885014939,.\Spontanaktivität\filtered_RN181281_segment_3.wav
2.474829,2.498779,PSW,27285.0,27549.04945799458,0.020192811,0.0038495366,0.02055647,0.020192811,5.330902,0.30164477,0,2.94215,430.6640625,-0.06101839084579194,-0.08594426284019052,.\Spontanaktivität\filtered_RN181281_segment_3.wav
2.675968,2.684234,Fibrillation,29502.54810298103,29593.680216802168,0.015197899,0.0032246187,0.015536225,0.015197899,1.3830088,0.101032406,0,2.4973056,726.9230769230769,0.4365152568848238,-0.46488520177382675,.\Spontanaktivität\filtered_RN181281_segment_3.wav
2.513192,2.530996,Fibrillation,27707.946476964767,27904.231029810297,0.008471739,0.00476881,0.009721722,0.008658705,1.7057649,0.20812796,5,3.012252,671.5736040609137,0.019148660052872853,0.033358499676791276,.\Spontanaktivität\filtered_RN181281_segment_3.wav
3.132341,3.15197,PSW,34534.06775067751,34750.471544715445,-0.008800738,0.044060487,0.044930834,0.031595428,6.824612,0.5374351,3,1.4168496,102.08333333333334,1.7800220434788856,4.3304344337500575,.\Spontanaktivität\filtered_RN181281_segment_3.wav
2.958608,2.971764,PSW,32618.663956639568,32763.70054200542,-0.13284677,0.112819344,0.17428848,0.13453235,19.50719,0.71115696,1,1.1742494,152.06896551724137,-0.4383236756512591,-0.9654215332222491,.\Spontanaktivität\filtered_RN181281_segment_3.wav
2.90639,2.924328,PSW,32042.957994579945,32240.722222222223,-0.03869393,0.051501658,0.06441771,0.04369063,8.650744,0.8048135,2,2.312117,222.72727272727272,-1.7470902158018198,3.8862149463115534,.\Spontanaktivität\filtered_RN181281_segment_3.wav
3.240375,3.259594,PSW,35725.139566395665,35937.0298102981,0.0035926672,0.004037603,0.005404581,0.004576836,0.97028923,0.22243777,15,2.2440214,208.01886792452828,-0.25902872810593447,-0.43825514019057543,.\Spontanaktivität\filtered_RN181281_segment_3.wav
3.282657,3.295043,PSW,36191.29810298103,36327.849593495936,-0.0043289936,0.0033895457,0.00549811,0.0047973916,0.65244526,0.15927482,5,2.9930158,1621.3235294117646,0.24365220916039923,-0.09181395866256992,.\Spontanaktivität\filtered_RN181281_segment_3.wav
2.792571,2.812857,PSW,30788.09688346884,31011.75880758808,0.005920798,0.0044048363,0.007379596,0.006525897,1.455275,0.22269255,5,2.6377952,197.75784753363226,-0.720353907231344,1.1574007655565337,.\Spontanaktivität\filtered_RN181281_segment_3.wav
2.842113,2.856634,Fibrillation,31334.30284552845,31494.397696476964,0.006209644,0.0030010913,0.0068968274,0.0062284544,0.9965527,0.14810237,2,3.0917408,1378.125,0.11630770466469241,-0.08653373324169422,.\Spontanaktivität\filtered_RN181281_segment_3.wav
3.165848,3.190832,Fibrillation,34903.47628726287,35178.933604336045,-0.006912404,0.0039621126,0.0079674125,0.006941307,1.9088594,0.29588103,7,2.6925929,172.265625,-0.03919578371454962,-1.0155141250467945,.\Spontanaktivität\filtered_RN181281_segment_3.wav
3.240802,3.249344,Fibrillation,35729.84823848239,35824.0216802168,0.004555356,0.002401812,0.005149754,0.004672057,0.44384542,0.09617465,3,2.6743727,1160.5263157894738,-0.490981547529335,0.4090904389980312,.\Spontanaktivität\filtered_RN181281_segment_3.wav
3.005216,3.02296,Fibrillation,33132.51219512195,33328.13888888889,0.051715005,0.011860724,0.05305769,0.051715005,10.136141,0.23857078,0,1.030194,112.5,0.21259835803227567,-0.9542849689693305,.\Spontanaktivität\filtered_RN181281_segment_3.wav
3.342126,3.356276,Fibrillation,36846.94308943089,37002.94918699187,-0.004373269,0.006610016,0.007925767,0.006235722,0.9727726,0.1627593,8,1.6753972,141.34615384615384,0.08826295361491103,-0.6233226810846202,.\Spontanaktivität\filtered_RN181281_segment_3.wav
3.349089,3.358747,PSW,36923.70799457995,37030.18834688347,0.0002879318,0.003563584,0.0035751974,0.00261269,0.27955782,0.11377752,11,2.2671723,412.1495327102804,1.270980553994599,1.8015636803965656,.\Spontanaktivität\filtered_RN181281_segment_3.wav
3.359196,3.379635,PSW,37035.14092140921,37260.48306233062,-0.0014349031,0.0029870449,0.0033138173,0.0026510842,0.59649396,0.25123155,28,3.0429187,979.9999999999999,0.03448477860182707,-0.1866270123883047,.\Spontanaktivität\filtered_RN181281_segment_3.wav
3.45958,3.474485,Fibrillation,38141.87804878049,38306.20325203252,-0.06660684,0.050361652,0.0835031,0.06660684,10.990129,0.37928212,0,1.3517567,133.63636363636363,-1.0555428507534654,-0.09439662060240339,.\Spontanaktivität\filtered_RN181281_segment_3.wav
3.578097,3.590358,PSW,39448.52845528456,39583.69918699187,0.02231905,0.002580413,0.022467721,0.02231905,3.0130718,0.13140473,0,2.7367373,1306.6666666666665,-0.4044732514301431,0.4411846311247687,.\Spontanaktivität\filtered_RN181281_segment_3.wav
3.589877,3.601656,Fibrillation,39578.39837398374,39708.26829268293,-0.07351965,0.104044296,0.1273984,0.08466023,11.00583,0.54805374,1,0.90665054,169.6153846153846,-0.7713229191908245,-0.935548250943826,.\Spontanaktivität\filtered_RN181281_segment_3.wav
3.925026,3.936376,Fibrillation,43273.41463414634,43398.55284552845,-0.011749706,0.020298706,0.023454066,0.016297702,2.0372126,0.15478276,3,0.856322,176.4,-0.9893523760047375,-0.0040306320253580274,.\Spontanaktivität\filtered_RN181281_segment_3.wav
3.776816,3.791659,Fibrillation,41639.39837398374,41803.0406504065,-0.013132482,0.0030809715,0.01348905,0.013132482,2.153727,0.19560926,0,3.1005974,1210.0609756097563,0.22685047909538586,0.3083000880921207,.\Spontanaktivität\filtered_RN181281_segment_3.wav
3.496111,3.503315,PSW,38544.634146341465,38624.04878048781,0.025837457,0.004820451,0.026283285,0.025837457,2.0669966,0.081893064,0,1.7825854,275.625,-0.27909292603780894,-0.7053605377827754,.\Spontanaktivität\filtered_RN181281_segment_3.wav
3.501787,3.508117,PSW,38607.20325203252,38676.9918699187,0.032048497,0.0028899568,0.032178536,0.032048497,2.2113464,0.08226746,0,2.5517752,2236.9565217391305,-0.19046358986649137,-0.9470940750631915,.\Spontanaktivität\filtered_RN181281_segment_3.wav
3.766338,3.777471,PSW,41523.88617886179,41646.61788617887,-0.008687348,0.0049968497,0.010021902,0.008704539,1.0706583,0.100885704,2,1.3868823,179.26829268292684,-0.16156415731919954,-1.1286058596699948,.\Spontanaktivität\filtered_RN181281_segment_3.wav
3.803009,3.821999,PSW,41928.17886178862,42137.54471544716,-0.029385515,0.04874164,0.05691446,0.04886907,10.213635,0.68241966,2,1.7871652,316.50717703349284,1.4386799874308012,2.2159261332683986,.\Spontanaktivität\filtered_RN181281_segment_3.wav
3.93594,3.958204,PSW,43393.73983739837,43639.20325203252,-0.010827727,0.04447537,0.04577443,0.02896198,7.124647,0.4510802,1,1.2998228,89.63414634146342,-1.7183492078603957,1.6427755924849237,.\Spontanaktivität\filtered_RN181281_segment_3.wav
4.392681,4.408924,PSW,48429.30894308943,48608.397018970194,-0.02169499,0.052944314,0.057216894,0.04644622,8.313873,0.63180786,9,1.674495,369.55307262569835,1.0424720396445653,0.7101828296046504,.\Spontanaktivität\filtered_RN181281_segment_3.wav
4.025858,4.038607,PSW,44385.092140921406,44525.64227642276,0.013613667,0.0064970506,0.015084548,0.013613667,1.9059135,0.14838913,0,1.5364187,157.5,0.5692329168819553,-0.8958956207758404,.\Spontanaktivität\filtered_RN181281_segment_3.wav
4.130312,4.141621,PSW,45536.69647696477,45661.37804878049,-0.015144923,0.0036827186,0.015586249,0.015144923,1.8931154,0.124348596,0,2.724956,705.6,-0.0930018221696549,-0.16731207584704721,.\Spontanaktivität\filtered_RN181281_segment_3.wav
4.266842,4.282675,Fibrillation,47041.9430894309,47216.4972899729,0.037250955,0.01149712,0.038984835,0.037250955,6.518917,0.19482118,0,1.0245879,126.0,0.6076359263913902,-0.5610905715665386,.\Spontanaktivität\filtered_RN181281_segment_3.wav
4.123321,4.131957,Fibrillation,45459.62059620596,45554.83197831978,-0.018007316,0.002912099,0.018241264,0.018007316,1.7106949,0.09251619,0,2.5336525,1160.5263157894738,-0.6349634869830254,-0.42671367708276486,.\Spontanaktivität\filtered_RN181281_segment_3.wav
4.424551,4.436683,Fibrillation,48780.68428184282,48914.433604336045,-0.044502627,0.05073817,0.0674896,0.0446576,5.9841185,0.31186453,2,0.9820423,164.55223880597015,-0.916482238462626,-0.6553941585595044,.\Spontanaktivität\filtered_RN181281_segment_3.wav
4.431748,4.440384,PSW,48860.02710027101,48955.238482384826,-0.06629768,0.047670417,0.081656896,0.06629768,6.2982793,0.28684986,0,0.62010175,232.10526315789474,-0.4289181948508393,-1.1311866316278878,.\Spontanaktivität\filtered_RN181281_segment_3.wav
4.244636,4.265609,PSW,46797.11382113821,47028.34146341463,0.029564548,0.004055895,0.02984146,0.029564548,6.8294106,0.24111885,0,2.2702408,286.3636363636364,-0.5986639480265367,-0.1939231739436722,.\Spontanaktivität\filtered_RN181281_segment_3.wav
4.462598,4.470986,PSW,49200.14905149052,49292.62872628727,0.03428138,0.0063521103,0.034864914,0.03428138,3.153887,0.10806024,0,1.6712363,239.67391304347822,0.7343288647162819,0.26305592948500234,.\Spontanaktivität\filtered_RN181281_segment_3.wav
4.536371,4.563686,PSW,50013.49593495935,50314.64769647697,-0.047919173,0.08278043,0.095649615,0.05026853,15.130828,0.79722166,3,1.5829747,172.265625,-1.895720886939336,2.4506270696516532,.\Spontanaktivität\filtered_RN181281_segment_3.wav
4.674884,4.684777,PSW,51540.59620596206,51649.67479674797,-0.0022290666,0.003698153,0.004317994,0.0030162048,0.32876632,0.13474885,16,2.7222972,1416.0550458715597,-1.177956413047645,1.8273729360389446,.\Spontanaktivität\filtered_RN181281_segment_3.wav
4.684777,4.700908,PSW,51649.67479674797,51827.52032520325,-0.0135007845,0.0041210204,0.014115736,0.0135007845,2.4031396,0.246209,0,2.1529193,247.75280898876403,0.01888837561419399,-0.5820230495592593,.\Spontanaktivität\filtered_RN181281_segment_3.wav
4.746936,4.767584,PSW,52334.97289972899,52562.61517615176,-0.023545476,0.041951425,0.048107293,0.041433945,9.446939,0.61629033,2,1.6173726,96.71052631578947,1.8615831618372465,4.062845786640712,.\Spontanaktivität\filtered_RN181281_segment_3.wav
5.081603,5.1001,PSW,56024.67479674797,56228.60433604336,-0.002356945,0.0036899426,0.004378455,0.0034311805,0.6999608,0.20522939,19,2.4695668,324.2647058823529,-0.281778838635084,0.3948545428794503,.\Spontanaktivität\filtered_RN181281_segment_3.wav
4.896633,4.91556,PSW,53985.37940379404,54194.0514905149,-0.049270615,0.045877017,0.067322314,0.049270615,10.297559,0.41372597,0,1.4812396,105.50239234449761,-1.2925458936414305,0.4927949402389129,.\Spontanaktivität\filtered_RN181281_segment_3.wav
4.728439,4.739838,Fibrillation,52131.04336043361,52256.72086720867,-0.015435723,0.00631188,0.016676372,0.015474501,1.9343126,0.15642823,2,2.1093493,352.8,0.15518034520264742,0.19521669654468843,.\Spontanaktivität\filtered_RN181281_segment_3.wav
5.018369,5.032779,Fibrillation,55327.52032520325,55486.39566395664,0.021001298,0.0030405216,0.021220258,0.021001298,3.3392065,0.17720313,0,2.8802626,1386.7924528301887,0.0005705557038069842,-0.11330537616290437,.\Spontanaktivität\filtered_RN181281_segment_3.wav
4.882007,4.892976,Fibrillation,53824.13279132791,53945.06775067751,-0.014378024,0.0059299157,0.015552863,0.014378024,1.739741,0.11569632,0,1.3638229,182.2314049586777,0.7813545076533559,-0.6025574903375142,.\Spontanaktivität\filtered_RN181281_segment_3.wav
4.562826,4.575946,Fibrillation,50305.16260162601,50449.81029810298,0.018017491,0.003966776,0.018448992,0.018017491,2.5945187,0.14870182,0,2.0896735,306.25,0.4297062399536757,-0.3286411192063219,.\Spontanaktivität\filtered_RN181281_segment_3.wav
4.67897,4.682842,Fibrillation,51585.650406504064,51628.333333333336,-0.0010040405,0.002822992,0.0029962277,0.0023839963,0.10251184,0.056119476,9,1.7826347,2051.162790697674,0.047001259152651666,-0.590037021231169,.\Spontanaktivität\filtered_RN181281_segment_3.wav
5.140142,5.148495,Fibrillation,56670.07452574526,56762.15853658537,-0.000950551,0.0031096397,0.0032516774,0.0025761758,0.23700818,0.07527251,7,2.1064959,479.34782608695645,-0.6148662898817492,-0.1962061532559698,.\Spontanaktivität\filtered_RN181281_segment_3.wav
5.267894,5.281372,Fibrillation,58078.54132791328,58227.13143631436,-0.019330975,0.004437948,0.01983386,0.019330975,2.8803153,0.16492423,0,2.8469002,887.9194630872482,0.8048767680019757,0.00863593062630974,.\Spontanaktivität\filtered_RN181281_segment_3.wav
4.891092,4.898306,PSW,53924.29674796748,54003.82384823848,-0.018162064,0.002850305,0.018384362,0.018162064,1.4348031,0.08917211,0,2.2160745,837.3417721518986,-0.2122296123340499,-0.5635473572759748,.\Spontanaktivität\filtered_RN181281_segment_3.wav
5.277196,5.284789,PSW,58181.08943089431,58264.80216802168,-0.021085346,0.0028356959,0.021275172,0.021085346,1.7500838,0.08702403,0,2.3073196,1593.9759036144578,0.13975984829701882,-0.3860965912855274,.\Spontanaktivität\filtered_RN181281_segment_3.wav
5.284789,5.295229,PSW,58264.80216802168,58379.90718157182,-0.019806465,0.0049441434,0.020414228,0.019806465,2.2777436,0.117371604,0,2.1559563,383.4782608695652,-1.107974574213386,0.9526025672796368,.\Spontanaktivität\filtered_RN181281_segment_3.wav
5.117933,5.129322,PSW,56425.2147696477,56550.78387533876,-0.0036115907,0.0028617687,0.004607961,0.0040201023,0.5025128,0.14370751,9,2.6988926,705.6,0.5012543040504978,-0.12387173618821068,.\Spontanaktivität\filtered_RN181281_segment_3.wav
5.55368,5.569227,PSW,61229.327913279136,61400.734417344174,-0.015194037,0.008208246,0.017269453,0.01602957,2.7410564,0.19233051,1,1.751301,128.94736842105263,1.3862468248866366,1.3682874056491254,.\Spontanaktivität\filtered_RN181281_segment_3.wav
5.332626,5.351389,PSW,58792.20325203252,58999.07317073171,0.0232365,0.006122204,0.02402949,0.0232365,4.8099556,0.23017733,0,1.8182328,106.52173913043478,0.2886603447476418,-0.28301164565545944,.\Spontanaktivität\filtered_RN181281_segment_3.wav
5.462899,5.490241,PSW,60228.471544715445,60529.91056910569,0.0009013105,0.0040827086,0.004181013,0.0035003787,1.053614,0.30292153,15,2.544088,172.265625,-0.0790844249051399,-0.5551338071515843,.\Spontanaktivität\filtered_RN181281_segment_3.wav
5.512221,5.524373,Fibrillation,60772.24390243903,60906.21680216802,-0.0058491486,0.0031304208,0.0066341595,0.005911087,0.79208565,0.14215381,4,2.4559302,822.7611940298507,0.10966673404397702,-0.6879074606469051,.\Spontanaktivität\filtered_RN181281_segment_3.wav
5.408217,5.418045,Fibrillation,59625.59349593496,59733.9539295393,0.02889639,0.002373153,0.028993677,0.02889639,3.12081,0.08802356,0,2.2415643,408.33333333333337,-0.29853101151606043,0.22353846577578818,.\Spontanaktivität\filtered_RN181281_segment_3.wav
5.521156,5.529377,PSW,60870.75338753388,60961.382113821135,-0.008099218,0.002685875,0.008532952,0.008099218,0.73702884,0.08580801,0,2.1693788,484.6153846153846,0.7421505286719415,0.6545044545582774,.\Spontanaktivität\filtered_RN181281_segment_3.wav
5.414829,5.422691,PSW,59698.49051490515,59785.17886178862,0.024631456,0.0045771697,0.02505313,0.024631456,2.1429367,0.09235793,0,1.8939207,253.44827586206895,-0.22395374624081732,-0.6226880019838457,.\Spontanaktivität\filtered_RN181281_segment_3.wav
5.990179,6.003766,PSW,66041.73170731707,66191.5243902439,0.0060027484,0.0040565003,0.007244873,0.0061112684,0.91669023,0.16507909,8,1.9992872,147.0,0.029794548974394184,-0.950969524669274,.\Spontanaktivität\filtered_RN181281_segment_3.wav
6.015439,6.030556,PSW,66320.21951219512,66486.89024390244,-0.018013041,0.05268515,0.055679392,0.0458903,7.61779,0.60881186,2,1.6368663,265.66265060240966,1.2528683870212396,1.3569322735467493,.\Spontanaktivität\filtered_RN181281_segment_3.wav
5.858714,5.872684,PSW,64592.32926829269,64746.34146341463,0.019105753,0.0028715048,0.019320333,0.019105753,2.942286,0.13770112,0,3.0927296,1575.0,0.0958140110324836,-0.2827391812162183,.\Spontanaktivität\filtered_RN181281_segment_3.wav
5.68381,5.695483,Fibrillation,62664.01219512195,62792.707317073175,-0.017054953,0.009310324,0.019430738,0.017054953,2.183034,0.12785867,0,1.7410941,172.265625,-1.5403165621907948,1.410725451318477,.\Spontanaktivität\filtered_RN181281_segment_3.wav
5.877659,5.891246,Fibrillation,64801.19512195122,64950.98780487805,0.019928336,0.0060073985,0.020814115,0.019928336,2.969322,0.15992092,0,1.6693261,147.98657718120805,-0.1780242973880786,-0.870853922894105,.\Spontanaktivität\filtered_RN181281_segment_3.wav
5.695675,5.712514,PSW,62794.817073170736,62980.4756097561,-0.037650254,0.048162133,0.061132096,0.056404468,10.491231,0.60388505,2,1.5125983,237.0967741935484,1.6156209561007442,2.4599378591023635,.\Spontanaktivität\filtered_RN181281_segment_3.wav
6.191484,6.20276,PSW,68261.11246612466,68385.4295392954,-0.024856888,0.0033551028,0.0250823,0.024856888,3.0822542,0.120147154,0,2.3323348,355.64516129032256,0.838813601935718,0.8736420660882138,.\Spontanaktivität\filtered_RN181281_segment_3.wav
6.205056,6.219256,PSW,68410.75338753387,68567.30081300813,-0.016663333,0.0025418322,0.016856086,0.016663333,2.6161435,0.16408011,0,3.0829725,1404.4585987261146,-0.20805592907753023,-0.40494719056489936,.\Spontanaktivität\filtered_RN181281_segment_3.wav
6.42264,6.437466,PSW,70809.61246612466,70973.06639566396,0.00095818756,0.002759142,0.0029207855,0.0023659696,0.38801903,0.14992243,18,2.673411,537.8048780487806,0.23498063073132752,-0.4678715908929054,.\Spontanaktivität\filtered_RN181281_segment_3.wav
6.363964,6.376284,PSW,70162.70325203252,70298.53116531165,-0.004884379,0.003473384,0.005993459,0.005059633,0.68811005,0.18775177,12,2.988305,1783.455882352941,-0.13043660300425064,-0.6104589799989686,.\Spontanaktivität\filtered_RN181281_segment_3.wav
6.33995,6.355611,Fibrillation,69897.95392953929,70070.61653116532,0.0025772038,0.05339484,0.053457,0.037212513,6.437765,0.630717,3,1.6456714,254.91329479768788,1.4923249285588138,1.8142547063624725,.\Spontanaktivität\filtered_RN181281_segment_3.wav
6.038215,6.056173,Fibrillation,66571.32113821138,66769.30758807588,-0.011925725,0.0033008796,0.012374115,0.011925725,2.3612936,0.21196014,0,2.68119,222.72727272727272,0.44296540565647646,-0.45374005968973563,.\Spontanaktivität\filtered_RN181281_segment_3.wav
6.18334,6.193781,Fibrillation,68171.32791327914,68286.43631436315,-0.014387904,0.00861502,0.016769925,0.014573413,1.6759425,0.14142478,4,1.3167108,191.7391304347826,0.11580212606766847,-0.6814635456100508,.\Spontanaktivität\filtered_RN181281_segment_3.wav
6.517024,6.539158,Fibrillation,71850.19241192412,72094.22222222222,0.0018684835,0.006279684,0.006551768,0.0054664533,1.3338146,0.2698558,19,2.6098833,271.10655737704917,-0.22521526246362633,-0.7390145179558276,.\Spontanaktivität\filtered_RN181281_segment_3.wav
6.669016,6.676322,Fibrillation,73525.90582655827,73606.45799457995,-0.02231387,0.007917092,0.023676764,0.02231387,1.8074235,0.11308705,0,1.0390694,272.22222222222223,0.1427930495030867,-1.3091695098145022,.\Spontanaktivität\filtered_RN181281_segment_3.wav
6.583219,6.59971,PSW,72579.99322493224,72761.81097560975,-0.00881643,0.010711153,0.013872932,0.0100027975,1.8205092,0.19078408,5,1.6786244,121.15384615384615,-0.8986895116242288,0.08065214757135397,.\Spontanaktivität\filtered_RN181281_segment_3.wav
6.640208,6.66004,PSW,73208.30013550135,73426.94173441734,-0.022480166,0.0033028368,0.022721503,0.022480166,4.9006763,0.24603473,0,2.8603125,303.4403669724771,0.0289207817622067,-0.9405728427051203,.\Spontanaktivität\filtered_RN181281_segment_3.wav
6.736025,6.752517,PSW,74264.68428184281,74446.50203252032,0.015264338,0.011745576,0.019260284,0.01658728,3.018885,0.17598806,1,1.0817089,121.15384615384615,-0.46753649820833904,-0.7388969193586488,.\Spontanaktivität\filtered_RN181281_segment_3.wav
6.888766,6.904457,PSW,75948.64634146342,76121.64634146342,-0.018872458,0.0027007374,0.019064723,0.018872458,3.2649353,0.20104903,0,3.3059633,2421.676300578035,0.3971786881859365,0.15403576936674712,.\Spontanaktivität\filtered_RN181281_segment_3.wav
6.9766,6.989996,Fibrillation,76917.0243902439,77064.70731707317,-0.0058513596,0.0044968682,0.007379717,0.0064871977,0.95361805,0.16529143,2,2.090169,300.0,0.25082389095786145,0.6445558378467893,.\Spontanaktivität\filtered_RN181281_segment_3.wav
6.839777,6.851259,Fibrillation,75408.5487804878,75535.13414634146,-0.010208956,0.0028924276,0.010610794,0.010208956,1.2965374,0.110071614,0,2.9455433,1562.5984251968505,0.7441426196828463,0.3228978581660251,.\Spontanaktivität\filtered_RN181281_segment_3.wav
6.859567,6.869725,PSW,75626.73577235773,75738.72764227643,-0.009948969,0.002394133,0.0102329785,0.009948969,1.1142845,0.13388777,0,2.5467486,393.75,-0.0936533374018727,-0.8884611636898847,.\Spontanaktivität\filtered_RN181281_segment_3.wav
6.876408,6.883626,PSW,75812.40650406505,75891.97967479675,-0.009367574,0.0063391123,0.01131087,0.009371107,0.74031746,0.07859557,2,1.1054415,279.1139240506329,0.04658531484399189,-1.4651735124744059,.\Spontanaktivität\filtered_RN181281_segment_3.wav
7.06246,7.07636,PSW,77863.62601626017,78016.87804878049,-0.08377388,0.0032227647,0.08383585,0.08377388,12.817404,0.18313593,0,3.2308247,1873.5294117647059,-0.7912492402115544,0.8986330365956814,.\Spontanaktivität\filtered_RN181281_segment_3.wav
7.078232,7.099617,PSW,78037.5081300813,78273.28048780488,-0.08035991,0.0034662068,0.080434635,0.08035991,18.96494,0.26789737,0,3.3597984,1308.050847457627,-0.29847150817324625,-0.25260392150443867,.\Spontanaktivität\filtered_RN181281_segment_3.wav
7.478403,7.499254,PSW,82449.39837398374,82679.27642276423,-0.015385643,0.0062417253,0.016603528,0.015385643,3.5386977,0.22724241,0,1.8506255,95.8695652173913,-0.04830720931616799,-1.3373065475740962,.\Spontanaktivität\filtered_RN181281_segment_3.wav
7.29743,7.314806,PSW,80454.17479674798,80645.73983739837,0.011079231,0.0056503946,0.012436893,0.011081386,2.1165447,0.23363939,2,2.0826836,230.89005235602093,1.090340481200168,0.8277473330026548,.\Spontanaktivität\filtered_RN181281_segment_3.wav
7.414247,7.436167,Fibrillation,81742.081300813,81983.74796747968,-0.00854039,0.004815257,0.009804334,0.008580903,2.0679975,0.23018877,2,2.0507774,91.49377593360995,-0.4004566285831633,-0.7326613549798737,.\Spontanaktivität\filtered_RN181281_segment_3.wav
7.286738,7.296628,Fibrillation,80336.28861788618,80445.33333333333,0.011351926,0.002377196,0.011598159,0.011351926,1.23736,0.10762434,0,2.6003294,1618.3486238532112,-0.3312208090333769,0.03238826306305542,.\Spontanaktivität\filtered_RN181281_segment_3.wav
7.425207,7.437236,PSW,81862.91463414635,81995.53658536586,-0.012366089,0.004135176,0.013039165,0.012366089,1.6446898,0.123121016,0,2.6946125,663.1578947368421,0.3892490514656229,-0.4800005862178556,.\Spontanaktivität\filtered_RN181281_segment_3.wav
7.243433,7.257868,PSW,79858.84959349594,80017.99593495936,0.015739584,0.0028295412,0.015991898,0.015739584,2.502594,0.16291927,0,2.8437693,1248.1132075471698,-0.4558997603009665,-0.21345332173436482,.\Spontanaktivität\filtered_RN181281_segment_3.wav
7.136506,7.148803,Fibrillation,78679.98780487805,78815.55691056911,-0.053547353,0.0026202113,0.053611424,0.053547353,7.28244,0.13956344,0,3.2890222,2107.720588235294,0.41511590139752835,0.4041161127453301,.\Spontanaktivität\filtered_RN181281_segment_3.wav
7.515383,7.53639,PSW,82857.10569105692,83088.70460704606,-0.019977098,0.03326211,0.03880016,0.019977098,4.61471,0.42990407,0,1.157304,0.0,-4.343353775847646,19.210322597168084,.\Spontanaktivität\filtered_RN181281_segment_3.wav
7.955474,7.973592,PSW,87709.1029810298,87908.85704607047,0.009136072,0.0053868615,0.010605945,0.009538158,1.8980935,0.21797171,2,2.0856307,332.4120603015075,-0.41736471899011296,0.2567277780793873,.\Spontanaktivität\filtered_RN181281_segment_3.wav
7.739892,7.761162,PSW,85332.31910569106,85566.81300813008,0.0012036193,0.0056192586,0.0057467176,0.003583504,0.8385399,0.23822601,31,2.6184716,94.23076923076923,1.664216936860582,2.2043344353632897,.\Spontanaktivität\filtered_RN181281_segment_3.wav
7.727288,7.745669,Fibrillation,85193.35975609756,85396.00880758808,0.008166213,0.0050616725,0.009607682,0.008399858,1.7051712,0.20411293,4,2.5819564,217.24137931034483,-0.19354182931458805,-0.43597308755252895,.\Spontanaktivität\filtered_RN181281_segment_3.wav
7.562911,7.579979,Fibrillation,83381.09823848239,83569.27235772357,0.012480542,0.048346978,0.049931895,0.03075887,5.7826676,0.6160076,3,1.4916334,234.5744680851064,1.4774528948914596,2.2952704663381907,.\Spontanaktivität\filtered_RN181281_segment_3.wav
7.572101,7.586018,PSW,83482.42276422764,83635.85704607047,0.011526595,0.0100171715,0.015271087,0.013628782,2.0852036,0.17598166,1,1.7615435,144.11764705882354,-0.6345025367159413,-0.02554982674660966,.\Spontanaktivität\filtered_RN181281_segment_3.wav
7.657178,7.679498,PSW,84420.39837398374,84666.47222222222,0.015777795,0.0066674147,0.017128725,0.01577831,3.8814645,0.26092827,2,1.6737725,89.63414634146342,-0.0867199749493246,-0.9522530506531983,.\Spontanaktivität\filtered_RN181281_segment_3.wav
7.859368,7.877486,Fibrillation,86649.5379403794,86849.29200542005,-0.021374144,0.048382625,0.052893594,0.0461584,9.23168,0.6492831,2,1.612938,220.5,1.8523613033222277,2.9675859202308654,.\Spontanaktivität\filtered_RN181281_segment_3.wav
7.871709,7.885101,PSW,86785.60230352303,86933.24661246613,-0.027995696,0.0065364307,0.028748633,0.027995696,4.143363,0.15613529,0,1.7209401,148.98648648648648,-0.4090798812077879,-1.3222274430641843,.\Spontanaktivität\filtered_RN181281_segment_3.wav
8.002076,8.015468,Fibrillation,88222.8943089431,88370.53861788618,0.0011756491,0.002908209,0.0031368504,0.0025824911,0.3822087,0.1436826,19,2.681656,446.9594594594595,-0.357331081771901,-0.2661822432436147,.\Spontanaktivität\filtered_RN181281_segment_3.wav
8.159364,8.174856,Fibrillation,89956.99119241192,90127.79539295394,-0.0015776795,0.0034528708,0.0037962336,0.00322994,0.55231977,0.18641767,14,2.255899,128.94736842105263,0.628782086112729,0.05503137065796082,.\Spontanaktivität\filtered_RN181281_segment_3.wav
8.056956,8.073499,PSW,88827.94647696477,89010.33062330623,-0.05003229,0.051305942,0.07166261,0.051089518,9.349381,0.3887786,3,0.55455667,120.49180327868852,-0.9320865984790364,-0.29262507597541276,.\Spontanaktivität\filtered_RN181281_segment_3.wav
8.008116,8.018356,PSW,88289.47899728997,88402.38346883468,0.005198092,0.005373023,0.0074759303,0.0055174804,0.6234753,0.121143505,11,2.0089927,195.13274336283186,0.6972600268691258,-0.7257075467170471,.\Spontanaktivität\filtered_RN181281_segment_3.wav
8.182209,8.201902,PSW,90208.85501355014,90425.97899728996,0.0012002353,0.004829336,0.004976249,0.004029429,0.87438613,0.2434509,15,2.0560927,203.2258064516129,-0.5243673701244795,0.03616354032575675,.\Spontanaktivität\filtered_RN181281_segment_3.wav
8.229211,8.250743,PSW,90727.05758807588,90964.44647696476,-0.0042078076,0.007890197,0.0089420825,0.007558276,1.7913114,0.27437806,11,1.9018238,186.0759493670886,0.42077611109453544,0.11005666342837683,.\Spontanaktivität\filtered_RN181281_segment_3.wav
8.55896,8.585962,PSW,94362.53658536586,94660.23983739836,0.008230845,0.0047102696,0.009483325,0.008242918,2.4563897,0.30627143,2,2.469795,172.265625,0.5505533316628158,0.035262621060620614,.\Spontanaktivität\filtered_RN181281_segment_3.wav
8.628554,8.639967,PSW,95129.81300813008,95255.64634146342,-0.0065799844,0.0032675234,0.007346624,0.0067146937,0.8460514,0.1502288,2,2.5591211,700.0,0.3529315682234053,0.3068213625021978,.\Spontanaktivität\filtered_RN181281_segment_3.wav
8.642751,8.653886,PSW,95286.337398374,95409.10162601626,-0.009492182,0.0027198594,0.009874166,0.009492182,1.1675384,0.11416964,0,2.439231,358.5365853658537,0.2441000081921587,-0.19275734836480263,.\Spontanaktivität\filtered_RN181281_segment_3.wav
8.63607,8.647484,Fibrillation,95212.67886178862,95338.51219512196,-0.010620854,0.003466525,0.011172257,0.010620854,1.3382276,0.12752342,0,2.1835108,175.0,-0.06632174714391657,-0.5306295578411824,.\Spontanaktivität\filtered_RN181281_segment_3.wav
8.489644,8.512192,Fibrillation,93598.32926829268,93846.9268292683,-0.050181597,0.04739298,0.06902381,0.050195817,12.448563,0.4684166,2,1.4884953,88.91129032258064,-1.3918277059371738,0.7895407789689917,.\Spontanaktivität\filtered_RN181281_segment_3.wav
8.332361,8.364096,Fibrillation,91864.28455284552,92214.162601626,-0.003910442,0.00585321,0.0070392913,0.0053305356,1.8656875,0.3355715,24,3.1301186,516.796875,-0.3553364555150769,-0.4658420310060545,.\Spontanaktivität\filtered_RN181281_segment_3.wav
8.399171,8.437587,PSW,92600.8699186992,93024.40650406505,-0.012028138,0.0057907146,0.013349475,0.012083341,5.123337,0.4626647,4,2.0497289,172.265625,0.08019896259105112,-0.6162485612001234,.\Spontanaktivität\filtered_RN181281_segment_3.wav
8.501336,8.519987,PSW,93727.23170731709,93932.86178861788,-0.013889541,0.024322683,0.028009146,0.020506268,4.203785,0.22492513,3,0.77823925,107.5609756097561,-0.8967995440627881,0.07174701163126951,.\Spontanaktivität\filtered_RN181281_segment_3.wav
8.342104,8.362426,PSW,91971.70325203252,92195.74796747968,-0.0036952111,0.006730795,0.007678423,0.0058192024,1.3035014,0.21219584,17,1.8028109,98.4375,-0.36741299251282794,-0.8508602314681495,.\Spontanaktivität\filtered_RN181281_segment_3.wav
8.731696,8.750232,PSW,96266.9512195122,96471.31707317074,-0.010746041,0.0026333719,0.011063998,0.010746041,2.2029386,0.22919509,0,3.2797446,1720.9756097560976,0.336268547753728,-0.31830371254994105,.\Spontanaktivität\filtered_RN181281_segment_3.wav
9.078006,9.093012,PSW,100085.0243902439,100250.46341463414,-0.10928894,0.095524184,0.14515145,0.10928894,18.032675,0.6688313,0,1.3374563,133.63636363636363,-1.0665333885071564,-0.24813084732587853,.\Spontanaktivität\filtered_RN181281_segment_3.wav
8.792307,8.817317,Fibrillation,96935.19512195124,97210.9268292683,-0.058206294,0.09265206,0.10941835,0.065049656,17.888655,0.77879834,1,1.1368897,86.1328125,-1.534767999724234,1.2194698199705316,.\Spontanaktivität\filtered_RN181281_segment_3.wav
9.091835,9.111843,Fibrillation,100237.48780487804,100458.0731707317,0.008910375,0.018960986,0.020950269,0.01867193,4.1264963,0.21260741,1,0.88937527,99.77375565610859,-0.8726736561656732,-0.2431950758921011,.\Spontanaktivität\filtered_RN181281_segment_3.wav
8.917062,8.935304,Fibrillation,98310.60975609756,98511.73170731709,-0.014448503,0.020172289,0.024812909,0.014451338,2.9047189,0.31038892,2,1.2341173,109.70149253731344,-3.6776291726719994,14.5999892767102,.\Spontanaktivität\filtered_RN181281_segment_3.wav
8.927948,8.947662,PSW,98430.63414634146,98647.9756097561,-0.04835825,0.048105318,0.06821028,0.04835825,10.49374,0.45380816,0,1.4666184,101.61290322580645,-1.269501887620657,0.38488883788063033,.\Spontanaktivität\filtered_RN181281_segment_3.wav
8.890581,8.91206,PSW,98018.65853658535,98255.46341463414,-0.0123828305,0.0046259593,0.013218698,0.01244994,2.9506357,0.24290614,3,2.671268,279.11392405063293,0.8005237812879715,0.8637599364719906,.\Spontanaktivität\filtered_RN181281_segment_3.wav
8.850271,8.868808,PSW,97574.24390243902,97778.60975609756,-0.008032861,0.04701036,0.04769172,0.0355769,7.2576876,0.63984334,3,1.747144,324.2647058823529,0.8331228665059098,1.1833537701022703,.\Spontanaktivität\filtered_RN181281_segment_3.wav
9.098897,9.112137,PSW,100315.34146341465,100461.31707317074,0.02108684,0.0074743517,0.022372322,0.02108684,3.0786786,0.124712124,0,1.5737385,151.02739726027397,-0.48162461805529605,-1.0331363485887899,.\Spontanaktivität\filtered_RN181281_segment_3.wav
9.527254,9.544712,PSW,105037.9837398374,105230.45257452574,0.02358948,0.0044345153,0.024002677,0.02358948,4.5527697,0.20432134,0,1.9920835,114.24870466321242,0.18818373481229517,-0.722634416250727,.\Spontanaktivität\filtered_RN181281_segment_3.wav
9.208514,9.22203,Fibrillation,101523.8753387534,101672.88346883468,-0.0050607384,0.0033493207,0.006068691,0.005344937,0.7963956,0.14675719,9,3.1548953,1627.8523489932886,0.5727619694052436,-0.5488572339464395,.\Spontanaktivität\filtered_RN181281_segment_3.wav
9.326212,9.3493,Fibrillation,102821.48780487804,103076.0433604336,-0.0068766046,0.004111094,0.008011791,0.006936964,1.7689259,0.29211515,8,2.5451894,172.94117647058823,-0.0510884789375148,-0.4451653510172382,.\Spontanaktivität\filtered_RN181281_segment_3.wav
9.501631,9.521341,Fibrillation,104755.4891598916,104972.79268292684,-0.08148809,0.09490321,0.12508766,0.081554845,17.697401,0.700584,1,1.4684806,203.2258064516129,-1.3021248849133717,0.4006039687044991,.\Spontanaktivität\filtered_RN181281_segment_3.wav
9.510078,9.521341,PSW,104848.6192411924,104972.79268292684,-0.12729977,0.102932684,0.1637082,0.12729977,15.785172,0.5445471,0,0.4189355,177.82258064516128,-0.5567553393440478,-1.0518989828001626,.\Spontanaktivität\filtered_RN181281_segment_3.wav
9.333251,9.343669,PSW,102899.09620596208,103013.9566395664,-0.006510813,0.00395165,0.007616182,0.006632595,0.7561158,0.12734103,4,2.3755121,386.84210526315786,0.30845802265055583,-0.8210582327407745,.\Spontanaktivität\filtered_RN181281_segment_3.wav
9.295802,9.309599,PSW,102486.21951219512,102638.33197831978,-0.011108431,0.005756779,0.012511505,0.011115474,1.689552,0.19490738,2,2.308093,290.13157894736844,-0.5696357015243757,0.48500441110943404,.\Spontanaktivität\filtered_RN181281_segment_3.wav
9.216961,9.22738,PSW,101617.0054200542,101731.86585365854,-0.006920727,0.0025367592,0.0073709986,0.006974029,0.7950393,0.09495731,2,2.535529,1160.5263157894735,1.2389899710543875,1.6131296874963272,.\Spontanaktivität\filtered_RN181281_segment_3.wav
9.859559,9.896449,PSW,108701.64634146342,109108.35365853658,0.027554037,0.010770303,0.029584192,0.027554037,11.214493,0.48458362,0,2.2433054,86.1328125,0.11898980533962468,-0.17695012523020326,.\Spontanaktivität\filtered_RN181281_segment_3.wav
9.985198,10.009256,PSW,110086.80894308945,110352.05284552844,-0.002979425,0.0043607275,0.0052813743,0.0043026684,1.1445098,0.2886466,19,2.9568565,344.53125,0.17334586142972752,-0.24804672750444068,.\Spontanaktivität\filtered_RN181281_segment_3.wav
9.748623,9.778563,PSW,107478.57723577236,107808.65853658535,-0.021263093,0.010070708,0.023527395,0.021263093,7.016821,0.3814508,0,2.3743773,86.1328125,-2.8309010607940186,9.592225568589965,.\Spontanaktivität\filtered_RN181281_segment_3.wav
9.66335,9.693022,PSW,106538.4349593496,106865.56910569106,-0.0166682,0.0034237048,0.01701619,0.0166682,5.4505014,0.34238577,0,3.0971653,430.6640625,-0.2734789780087474,0.20996200890394023,.\Spontanaktivität\filtered_RN181281_segment_3.wav
9.929329,9.943764,Fibrillation,109470.85365853658,109630.0,-0.0071226074,0.010357243,0.012569965,0.011345657,1.815305,0.18638207,2,1.3912668,137.8125,0.7185294861309802,-0.44133864664752664,.\Spontanaktivität\filtered_RN181281_segment_3.wav
9.779632,9.7938,Fibrillation,107820.44715447156,107976.64634146342,-0.03139414,0.047385555,0.056841735,0.05249078,8.188561,0.5514033,2,1.2813134,141.34615384615384,1.4897358249549084,1.5457174060773955,.\Spontanaktivität\filtered_RN181281_segment_3.wav
9.63742,9.657201,Fibrillation,106252.56097560975,106470.65040650406,-0.010340048,0.0052511934,0.011597051,0.010492532,2.2873719,0.25505146,6,2.0788217,101.1467889908257,0.40790384671658114,-0.23480595428091444,.\Spontanaktivität\filtered_RN181281_segment_3.wav
9.786582,9.797542,PSW,107897.0731707317,108017.90650406505,-0.055309154,0.03380962,0.06482433,0.055309154,6.6370983,0.3150035,0,0.9776176,183.74999999999997,-3.1938434128734303,10.41165018659453,.\Spontanaktivität\filtered_RN181281_segment_3.wav
9.936012,9.950179,PSW,109544.5325203252,109700.73170731709,-0.012141562,0.009651832,0.015510493,0.014170973,2.2106717,0.1960133,1,1.7553763,141.34615384615384,0.9909358481421553,0.3954496730989141,.\Spontanaktivität\filtered_RN181281_segment_3.wav
10.061955,10.084249,Fibrillation,110933.06097560975,111178.85365853658,-0.018810008,0.0065291743,0.019910967,0.018810008,4.608452,0.31485724,0,1.9660835,180.0,0.42123682571229326,-0.35653664590232736,.\Spontanaktivität\filtered_RN181281_segment_3.wav
10.221089,10.233133,Fibrillation,112687.51219512196,112820.29674796748,0.014527428,0.0058627496,0.015665822,0.014527428,1.9321479,0.1259604,0,1.6933918,165.78947368421052,0.3987702317363641,-0.8959266032159112,.\Spontanaktivität\filtered_RN181281_segment_3.wav
10.034536,10.05683,PSW,110630.76422764228,110876.55691056912,-0.015237921,0.03963743,0.04246552,0.031010602,7.628608,0.6946113,2,2.104255,358.5365853658537,1.0158833687207869,2.5432881647169223,.\Spontanaktivität\filtered_RN181281_segment_3.wav
10.076818,10.091681,PSW,111096.92276422764,111260.78455284552,-0.015189043,0.0035984518,0.015609482,0.015189043,2.491003,0.17468747,0,2.8253546,537.8048780487806,0.16341318208181044,-0.5042426530451576,.\Spontanaktivität\filtered_RN181281_segment_3.wav
10.18957,10.21212,PSW,112340.01219512196,112588.6300813008,0.02039844,0.007168566,0.021621395,0.020401767,5.059638,0.27644867,2,1.8204651,88.91129032258064,-0.6903555929880655,0.023562596983809136,.\Spontanaktivität\filtered_RN181281_segment_3.wav
10.213658,10.22237,PSW,112605.581300813,112701.63821138212,0.032872736,0.0051053427,0.03326682,0.032872736,3.1557827,0.12548818,0,2.3161016,689.0625,-0.4800307918788681,-0.5917862887561847,.\Spontanaktivität\filtered_RN181281_segment_3.wav
10.226983,10.241846,PSW,112752.4918699187,112916.35365853658,-0.005214473,0.029468618,0.029926414,0.015323051,2.5129805,0.2860624,3,1.2029951,134.45121951219514,-2.978554483309693,8.893476319741408,.\Spontanaktivität\filtered_RN181281_segment_3.wav
